[
  {
    "id": "928deed0-3fda-4988-9f98-637e5be4b659",
    "data": [
      {
        "text": "NASDAQ Stock Exchange",
        "userDefined": false
      }
    ],
    "isTemplate": false,
    "count": 0,
    "lang": "en",
    "updated": 0
  },
  {
    "id": "e0eec48a-a18d-44ac-81ff-83eae0f43f66",
    "data": [
      {
        "text": "Go back",
        "userDefined": false
      }
    ],
    "isTemplate": false,
    "count": 0,
    "lang": "en",
    "updated": 0
  },
  {
    "id": "d589ff6f-b3cc-48c1-9432-441987376b24",
    "data": [
      {
        "text": "Nasdaq",
        "userDefined": false
      }
    ],
    "isTemplate": false,
    "count": 0,
    "lang": "en",
    "updated": 0
  }
]