[
  {
    "id": "c2768e5a-e04b-4e64-b18e-2e6f2aa32cc4",
    "data": [
      {
        "text": "Go Back",
        "userDefined": false
      }
    ],
    "isTemplate": false,
    "count": 0,
    "lang": "en",
    "updated": 0
  },
  {
    "id": "ec50750d-dc7d-4d9d-9f1d-9ea6071a7f7f",
    "data": [
      {
        "text": "New York",
        "meta": "@sys.geo-city",
        "alias": "geo-city",
        "userDefined": false
      },
      {
        "text": " Stock Exchange",
        "userDefined": false
      }
    ],
    "isTemplate": false,
    "count": 0,
    "lang": "en",
    "updated": 0
  }
]