[
  {
    "id": "7a068f16-40b6-408b-8d36-817fcd6944e6",
    "data": [
      {
        "text": "Go Back",
        "userDefined": false
      }
    ],
    "isTemplate": false,
    "count": 0,
    "lang": "en",
    "updated": 0
  },
  {
    "id": "40c7ed24-3bb4-4d2e-9f2a-a2a56971209b",
    "data": [
      {
        "text": "LSEG",
        "userDefined": false
      }
    ],
    "isTemplate": false,
    "count": 1,
    "lang": "en",
    "updated": 0
  },
  {
    "id": "5b20bef3-b034-4001-bdcb-cbb97098a512",
    "data": [
      {
        "text": "London",
        "meta": "@sys.geo-city",
        "alias": "geo-city",
        "userDefined": false
      },
      {
        "text": " stock",
        "userDefined": false
      }
    ],
    "isTemplate": false,
    "count": 0,
    "lang": "en",
    "updated": 0
  },
  {
    "id": "37937cfe-4da5-4d42-a1a6-c8059fdeec21",
    "data": [
      {
        "text": "London",
        "meta": "@sys.geo-city",
        "alias": "geo-city",
        "userDefined": false
      },
      {
        "text": " Stock Exchange",
        "userDefined": false
      }
    ],
    "isTemplate": false,
    "count": 0,
    "lang": "en",
    "updated": 0
  }
]